xlsx_row,company,website,email,domain,address,categoria,stage,why,kept_xlsx_row,kept_company
93,Manikurame Centro de estética Gran Vía,https://www.manikurame.com/,,manikurame.com,"Gran Via de les Corts Catalanes, 210, Sants-Montjuïc, 08004 Barcelona, Spain",CLINICA ESTETICA,Email Sent,duplicate_website_domain:manikurame.com,92,ManikuraMe
99,Norma Vargass Estetica Avanzada ///PESTAÑAS /CEJAS /LIFTING /LAMINADO,https://www.instagram.com/invites/contact/?i=1welfmwctq5yl&utm_content=9q23ye,,instagram.com,"Carrer del Rosselló, 208, Eixample, 08008 Barcelona, Spain",CLINICA ESTETICA,Email Sent,duplicate_website_domain:instagram.com,50,"Centro De Belleza y Estética ""A Todo Estilo"""
121,Clínica Dermatològica De Felip,http://www.defelipe.com/,,defelipe.com,"C/ de Muntaner, 95-97, Local, Eixample, 08036 Barcelona, Spain",CLINICA DERMATOLOGIA,Email Sent,present_in_sim_but_unmatched_on_platform,,
130,Dra. Michele Verastegui,https://www.doctoralia.es/michele-verastegui/medico-estetico/barcelona,,doctoralia.es,"Av. Diagonal, 600, entresuelo 1, Sarrià-Sant Gervasi, 08021 Barcelona, Spain",CLINICA DERMATOLOGIA,Email Sent,present_in_sim_but_unmatched_on_platform,,
217,Farmacia Dr. Jordi Casas,https://www.canalfarmaciaonline.com/farmacia-casas-sanchez-jordi,,canalfarmaciaonline.com,"Av. Onze de Setembre, 185, 08820 El Prat de Llobregat, Barcelona, Spain",FARMACIA,Pending,duplicate_website_domain:canalfarmaciaonline.com,216,Farmacia Dr. Jaume Casas
249,Farmacia M. A. García-Navarro,http://www.facebook.com/farmaciaGarciaNavarro,,facebook.com,"Rambla de la Marina, 204, 08907 L'Hospitalet de Llobregat, Barcelona, Spain",FARMACIA,Pending,duplicate_website_domain:facebook.com,91,"Les Pintes, peluquería, centro de belleza"
252,Farmacia Messi | Farmacia · Dermofarmacia · Terapias naturales en Barcelona,https://www.facebook.com/farmacia.messi.7,,facebook.com,"Carrer de València, 614 bis, Sant Martí, 08026 Barcelona, Spain",FARMACIA,Pending,duplicate_website_domain:facebook.com,91,"Les Pintes, peluquería, centro de belleza"
258,Farmacia Odriozola Barcelona,https://www.facebook.com/farmaciamaquinistabarceloneta/,odriozolafarmacia@gmail.com,facebook.com,"Carrer de la Maquinista, 9, Ciutat Vella, 08003 Barcelona, Spain",FARMACIA,Pending,duplicate_website_domain:facebook.com,91,"Les Pintes, peluquería, centro de belleza"
259,Farmacia Ortopedia,https://www.instagram.com/farmacia.centralprat/,,instagram.com,"Av. de la Verge de Montserrat, 135, 08820 El Prat de Llobregat, Barcelona, Spain",FARMACIA,Pending,duplicate_website_domain:instagram.com,50,"Centro De Belleza y Estética ""A Todo Estilo"""
282,Farmanova,https://www.facebook.com/farmanovaHospitalet/,parafarmacia.farmanova@gmail.com,facebook.com,"Carrer Hierbabuena, 35, 08906 L'Hospitalet de Llobregat, Barcelona, Spain",FARMACIA,Pending,duplicate_website_domain:facebook.com,91,"Les Pintes, peluquería, centro de belleza"
316,Farmàcia CARRÉ,https://www.instagram.com/farmaciacarre/,,instagram.com,"Carrer de Leiva, 3, Sants-Montjuïc, 08014 Barcelona, Spain",FARMACIA,Pending,duplicate_website_domain:instagram.com,50,"Centro De Belleza y Estética ""A Todo Estilo"""
320,Farmàcia Carbonell,https://www.canalfarmaciaonline.com/farmacia-carbonell,,canalfarmaciaonline.com,"Carrer del Comte Borrell, 7, Eixample, 08015 Barcelona, Spain",FARMACIA,Pending,duplicate_website_domain:canalfarmaciaonline.com,216,Farmacia Dr. Jaume Casas
323,Farmàcia Carmen Barenys,https://www.instagram.com/farmaciacbarenys/,,instagram.com,"Davant del Bauhaus, Pg. de la Zona Franca, 122, 08038 Barcelona, Spain",FARMACIA,Pending,duplicate_website_domain:instagram.com,50,"Centro De Belleza y Estética ""A Todo Estilo"""
327,Farmàcia Catedral,https://www.instagram.com/farmacia.catedral/,,instagram.com,"Av. de la Catedral, 1, Ciutat Vella, 08002 Barcelona, Spain",FARMACIA,Pending,duplicate_website_domain:instagram.com,50,"Centro De Belleza y Estética ""A Todo Estilo"""
332,Farmàcia Collellmir,https://www.canalfarmaciaonline.com/farmacia-collellmir,mcollellmir001@cofb.net,canalfarmaciaonline.com,"Carrer del Trobador, 7, Horta-Guinardó, 08041 Barcelona, Spain",FARMACIA,Pending,duplicate_website_domain:canalfarmaciaonline.com,216,Farmacia Dr. Jaume Casas
338,Farmàcia Dasca 24 Hores,https://www.facebook.com/farmaciadascademoxo/,farmaciamdasca@gmail.com,facebook.com,"Rambla de la Marina, 441, 08901 L'Hospitalet de Llobregat, Barcelona, Spain",FARMACIA,Pending,duplicate_website_domain:facebook.com,91,"Les Pintes, peluquería, centro de belleza"
345,Farmàcia Ecoceutics Núria Andrés,https://www.ecoceutics.com/farmacia/farmacia-nuria-andres/,nuriandres@hotmail.com,ecoceutics.com,"Carrer del Doctor Ferran, 40, 08940 Cornellà de Llobregat, Barcelona, Spain",FARMACIA,Pending,duplicate_website_domain:ecoceutics.com,221,Farmacia Ecoceutics Can Batlló
346,Farmàcia Ecoceutics Plaza Ibiza,https://www.ecoceutics.com/,info@ecoceutics.com,ecoceutics.com,"Avinguda d'Isabel la Catòlica, 83, 08906 L'Hospitalet de Llobregat, Barcelona, Spain",FARMACIA,Pending,duplicate_website_domain:ecoceutics.com,221,Farmacia Ecoceutics Can Batlló
390,Farmàcia LUIS SANCHEZ PEÑA,https://instagram.com/farmaciacanvidalet?igshid=158b52bjkrf8b,,instagram.com,"Carrer Verge de la Mercè, 42, 44, 08950 Esplugues de Llobregat, Barcelona, Spain",FARMACIA,Pending,duplicate_website_domain:instagram.com,50,"Centro De Belleza y Estética ""A Todo Estilo"""
396,Farmàcia Lantigua,https://www.facebook.com/FarmaciaLantigua1/,,facebook.com,"Carrer de la Mineria, 70-72, 70-72, Sants-Montjuïc, 08038 Barcelona, Spain",FARMACIA,Pending,duplicate_website_domain:facebook.com,91,"Les Pintes, peluquería, centro de belleza"
447,Farmàcia Reverter,https://instagram.com/farmaciareverter?igshid=rnwl8osm6ir1,,instagram.com,"Carrer de Viladomat, 90, Eixample, 08015 Barcelona, Spain",FARMACIA,Pending,duplicate_website_domain:instagram.com,50,"Centro De Belleza y Estética ""A Todo Estilo"""
448,Farmàcia Riera Blanca,https://www.facebook.com/farmaciarierablanca/,,facebook.com,"Carrer de la Riera Blanca, 109, Sants-Montjuïc, 08028 Barcelona, Spain",FARMACIA,Pending,duplicate_website_domain:facebook.com,91,"Les Pintes, peluquería, centro de belleza"
449,Farmàcia Rius,https://es-es.facebook.com/farmacia.rius,,es-es.facebook.com,"Carrer de Sagunt, 83, Sants-Montjuïc, 08014 Barcelona, Spain",FARMACIA,Pending,present_in_sim_but_unmatched_on_platform,,
451,Farmàcia Rocha Rosal,https://www.canalfarmaciaonline.com/farmacia-rocha/es,,canalfarmaciaonline.com,"Plaça de Sants, 9, Sants-Montjuïc, 08028 Barcelona, Spain",FARMACIA,Pending,duplicate_website_domain:canalfarmaciaonline.com,216,Farmacia Dr. Jaume Casas
455,Farmàcia Sancho Soto,https://www.facebook.com/Farmacia-Sancho-Soto-285549308559141/,,facebook.com,"Avinguda del Torrent Gornal, 58, 08904 L'Hospitalet de Llobregat, Barcelona, Spain",FARMACIA,Pending,duplicate_website_domain:facebook.com,91,"Les Pintes, peluquería, centro de belleza"
462,Farmàcia Sastre Marquès,https://www.canalfarmaciaonline.com/farmacia-sastre-marques,,canalfarmaciaonline.com,"Rambla del Raval, 2, Ciutat Vella, 08001 Barcelona, Spain",FARMACIA,Pending,duplicate_website_domain:canalfarmaciaonline.com,216,Farmacia Dr. Jaume Casas
478,Farmàcia Teixidor-Ventura,https://www.facebook.com/FarmaciaTeixidorVentura/?ref=bookmarks,,facebook.com,"Plaça Comercial, 9, Ciutat Vella, 08003 Barcelona, Spain",FARMACIA,Pending,duplicate_website_domain:facebook.com,91,"Les Pintes, peluquería, centro de belleza"
487,Farmàcia Urquinaona,https://www.mifarmaciapremium.es/,,mifarmaciapremium.es,"Pl. d'Urquinaona, 8, Eixample, 08010 Barcelona, Spain",FARMACIA,Pending,present_in_sim_but_unmatched_on_platform,,
494,Farmàcia de Vega Masana,https://www.canalfarmaciaonline.com/farmacia-vegamasana,,canalfarmaciaonline.com,"Carrer de Viladomat, 154, Eixample, 08015 Barcelona, Spain",FARMACIA,Pending,duplicate_website_domain:canalfarmaciaonline.com,216,Farmacia Dr. Jaume Casas
514,NATURFARMACIA - Parafarmacia Online,https://naturfarmacia.es/,naturfarmacia@gmail.com,naturfarmacia.es,"Carrer del Rosselló, 37, Eixample, 08028 Barcelona, Spain",FARMACIA,Pending,duplicate_email:naturfarmacia@gmail.com,489,Farmàcia Varela
557,Clínica Opción Médica L'Hospitalet,https://www.opcionmedica.es/,,opcionmedica.es,"Carrer d'Enric Prat de la Riba, 274, 280, 08901 L'Hospitalet de Llobregat, Barcelona, Spain",CLINICA ESTETICA,Pending,duplicate_website_domain:opcionmedica.es,556,Clínica Opción Médica Calvet
560,Corpore Estética Profesional Maricel,https://www.treatwell.es/establecimiento/corpore-estetica-profesional-maricel/,,treatwell.es,"Carrer de Guitard, 70, Les Corts, 08014 Barcelona, Spain",CLINICA ESTETICA,Pending,duplicate_website_domain:treatwell.es,31,Bell Beauty | Academia y Salón de Belleza
571,Derma centro de terapias,http://www.esteticaderma.com/,,esteticaderma.com,"08906 L'Hospitalet de Llobregat, Barcelona, Spain",CLINICA ESTETICA,Pending,present_in_sim_but_unmatched_on_platform,,
574,Doctor Castellar Medicina estética,https://www.instagram.com/doctor_castellar/?hl=es,,instagram.com,"Carrer de Dolors Monserdà, 54, Sarrià-Sant Gervasi, 08017 Barcelona, Spain",CLINICA ESTETICA,Pending,duplicate_website_domain:instagram.com,50,"Centro De Belleza y Estética ""A Todo Estilo"""
575,Doctor Randolfo Medicina y Cirugía Estética,http://www.facebook.com/DoctorRandolfo,doctorrandolfo@gmail.com,facebook.com,"Travessera de Gràcia, 15, 6-2, Sarrià-Sant Gervasi, 08021 Barcelona, Spain",CLINICA ESTETICA,Pending,duplicate_website_domain:facebook.com,91,"Les Pintes, peluquería, centro de belleza"
596,"Dra. Beatriz Moralejo, Cirujano oral y maxilofacial",https://beyonduniqueaesthetics.com/,info@beyonduniqueaesthetics.com,beyonduniqueaesthetics.com,"Clínica Beyond Unique, Gran Via de les Corts Catalanes, 529, Eixample, 08011 Barcelona, Spain",CLINICA ESTETICA,Pending,duplicate_email:info@beyonduniqueaesthetics.com,24,BEYOND UNIQUE AESTHETICS
604,Duca Estetica,https://www.treatwell.es/establecimiento/duca-estetica/,,treatwell.es,"Carrer de Rocafort, 46, Eixample, 08015 Barcelona, Spain",CLINICA ESTETICA,Pending,duplicate_website_domain:treatwell.es,31,Bell Beauty | Academia y Salón de Belleza
613,Elha Laser Center Rambla Catalunya,https://www.elhadepilacionlaser.com/,,elhadepilacionlaser.com,"Rambla de Catalunya, 91, 8º 2ª, Eixample, 08008 Barcelona, Spain",CLINICA ESTETICA,Pending,duplicate_website_domain:elhadepilacionlaser.com,610,Elha Laser Center Bordeus
626,Estètica Vinchi,https://www.instagram.com/estetica_vinchi/,,instagram.com,"Carrer de Martí i Blasi, 11, 08905 L'Hospitalet de Llobregat, Barcelona, Spain",CLINICA ESTETICA,Pending,duplicate_website_domain:instagram.com,50,"Centro De Belleza y Estética ""A Todo Estilo"""
669,Instituto de Dermatología Dr.Ignacio Umbert y Medicina Estética (Can Rabia),https://www.idermumbert.com/,,idermumbert.com,"Carrer de Can Ràbia, 17, Sarrià-Sant Gervasi, 08017 Barcelona, Spain",CLINICA ESTETICA,Pending,present_in_sim_but_unmatched_on_platform,,
691,Laser Factory man & woman Hospitalet de Llobregat,https://laserfactory.cat/es/centros/depilacion-laser-hospitalet/,,laserfactory.cat,"Carrer d'Enric Prat de la Riba, 248, 08901 L'Hospitalet de Llobregat, Barcelona, Spain",CLINICA ESTETICA,Pending,present_in_sim_but_unmatched_on_platform,,
702,LÀSER CLÍNIC,https://www.instagram.com/centrodepilacionlaser_d?igsh=MXEyYXJkZ2k0MnVhcw%3D%3D&utm_source=qr,,instagram.com,"Av. de la Primavera, 115, 08905 L'Hospitalet de Llobregat, Barcelona, Spain",CLINICA ESTETICA,Pending,duplicate_website_domain:instagram.com,50,"Centro De Belleza y Estética ""A Todo Estilo"""
703,Láserum Barcelona Les Corts | Depilación Láser Diodo,https://laserum.com/centros-depilacion-laser/barcelona/lescorts/?utm_source=gbp&utm_medium=organic&utm_term=barcelona-les-corts,,laserum.com,"Carrer del Marquès de Sentmenat, 54, Les Corts, 08029 Barcelona, Spain",CLINICA ESTETICA,Pending,present_in_sim_but_unmatched_on_platform,,
714,Marafet Salon,https://www.instagram.com/marafet_bcn/,,instagram.com,"Gran Via de les Corts Catalanes, 202, Sants-Montjuïc, 08004 Barcelona, Spain",CLINICA ESTETICA,Pending,duplicate_website_domain:instagram.com,50,"Centro De Belleza y Estética ""A Todo Estilo"""
767,Patricia Valls Centre d'Estètica Avançada,https://www.instagram.com/patricia_valls_estetica/,,instagram.com,"Avinguda d'Isabel la Catòlica, 67, 08906 L'Hospitalet de Llobregat, Barcelona, Spain",CLINICA ESTETICA,Pending,duplicate_website_domain:instagram.com,50,"Centro De Belleza y Estética ""A Todo Estilo"""
776,REGARDE-MOI,https://www.instagram.com/regardemoibcn/,,instagram.com,"Carrer del Rosselló, 102, Eixample, 08029 Barcelona, Spain",CLINICA ESTETICA,Pending,duplicate_website_domain:instagram.com,50,"Centro De Belleza y Estética ""A Todo Estilo"""
795,Salón de belleza y estética Sativa,https://widget.treatwell.es/establecimiento/salon-de-belleza-y-estetica-sativa/,,widget.treatwell.es,"Avinguda del Paral·lel, Sants-Montjuïc, 08004 Barcelona, Spain",CLINICA ESTETICA,Pending,duplicate_website_domain:widget.treatwell.es,13,Alba Piqueras - Benestar i estètica integral
801,Silueta Perfecta,https://www.facebook.com/profile.php?id=100063901991445,erikamendoza0112@gmail.com,facebook.com,"Carrer de Galileu, 246, Les Corts, 08028 Barcelona, Spain",CLINICA ESTETICA,Pending,duplicate_website_domain:facebook.com,91,"Les Pintes, peluquería, centro de belleza"
803,SinVello! Barcelona - Rambla Catalunya | Depilación Láser,https://sinvelloporlaser.es/pages/tiendas/barcelona-rambla-catalunya?utm_source=google&utm_medium=gmb&utm_campaign=ficha_barcelona-rambla-catalunya,,sinvelloporlaser.es,"Rambla de Catalunya, 124, entresuelo 1, Eixample, 08008 Barcelona, Spain",CLINICA ESTETICA,Pending,duplicate_website_domain:sinvelloporlaser.es,802,SinVello! Barcelona - Provença | Depilación Láser
806,"Sivana estética, Eixample",https://www.sivanaestetica.com/,,sivanaestetica.com,"Carrer d'Entença, 164, Eixample, 08029 Barcelona, Spain",CLINICA ESTETICA,Pending,duplicate_website_domain:sivanaestetica.com,103,"Sivana Estética Avanzada, Sarrià"
855,Wunderbar Aesthetics Lab – Clinica de estética avanzada Barcelona,https://www.instagram.com/wunderbaraestheticslab?igsh=MTZoZ25zd254bHVx,,instagram.com,"Via Augusta, 1-3, Sarrià-Sant Gervasi, 08006 Barcelona, Spain",CLINICA ESTETICA,Pending,duplicate_website_domain:instagram.com,50,"Centro De Belleza y Estética ""A Todo Estilo"""
864,ÁME Centro de Estética,https://www.facebook.com/230885534169565?ref=NONE_xav_ig_profile_page_web,fioregonzales25@gmail.com,facebook.com,"Carrer de la Independència, 93, 08902 L'Hospitalet de Llobregat, Barcelona, Spain",CLINICA ESTETICA,Pending,duplicate_website_domain:facebook.com,91,"Les Pintes, peluquería, centro de belleza"
866,𝑀𝒾𝒸𝓇𝑜𝒷𝓁𝒶𝒹𝒾𝓃𝑔 𝐵𝒶𝓇𝒸𝑒𝓁𝑜𝓃𝒶 - 𝒞𝑒𝒸𝒾𝓁𝒾𝒶 𝒜𝓇𝓉𝓊𝒸𝒽𝒶,,,,"Avinguda del Paral·lel, 139, Esc. Izq. 1ª - 2ª, Sants-Montjuïc, 08004 Barcelona, Spain",CLINICA ESTETICA,Pending,present_in_sim_but_unmatched_on_platform,,
880,Andrea Terapias y Estética,https://www.instagram.com/andreaterapiasyestetica/,,instagram.com,"Gran Via de les Corts Catalanes, 202, local 2, Sants-Montjuïc, 08004 Barcelona, Spain",CLINICA DERMATOLOGIA,Pending,duplicate_website_domain:instagram.com,50,"Centro De Belleza y Estética ""A Todo Estilo"""
905,CL estètica masculina Barcelona,https://clesteticamasculinabarcelona.com/,info@clesteticamasculinabarcelona.com,clesteticamasculinabarcelona.com,"Carrer de Mallorca, 127, Entresuelo, 2a, Eixample, 08036 Barcelona, Spain",CLINICA DERMATOLOGIA,Pending,duplicate_email:info@clesteticamasculinabarcelona.com,41,CL Estética Masculina Barcelona Spa
939,Centro Salud Integral,http://centrosaludintegral.net/,info@centrosaludintegral.net,centrosaludintegral.net,"Avinguda de Severo Ochoa, 108, 08906 L'Hospitalet de Llobregat, Barcelona, Spain",CLINICA DERMATOLOGIA,Pending,duplicate_email:info@centrosaludintegral.net,926,Centre Salut Integral
954,Clínica Depilación Tulaser El Corte Inglés Plaza Cataluña,https://clinicastulaser.com/clinica-tu-laser-barcelona-plaza-catalunya/,,clinicastulaser.com,"El Corte Inglés Plaça de Catalunya, Pl. de Catalunya, 14, 3ª Planta, Eixample, 08002 Barcelona, Spain",CLINICA DERMATOLOGIA,Pending,duplicate_website_domain:clinicastulaser.com,68,Clínica Depilación Tulaser El Corte Inglés Plaza Cataluña
959,Clínica Diagonal,http://www.clinicadiagonal.com/,clinicadiagonal@clinicadiagonal.com,clinicadiagonal.com,"Carrer de Sant Mateu, 24, 26, 08950 Esplugues de Llobregat, Barcelona, Spain",CLINICA DERMATOLOGIA,Pending,duplicate_email:clinicadiagonal@clinicadiagonal.com,919,Centre Mèdic FIATC Tarradellas
961,Clínica Dorsia Cirugía y Medicina Estética,https://www.dorsia.es/clinicas-dorsia/barcelona-plazaespana/?utm_campaign=noviembre24&utm_content=sitio-web-gmb&utm_medium=gmb&utm_source=fichadegoogle,,dorsia.es,"Plaza de España) - Junto a, C.C. Las Arenas, Gran Via de les Corts Catalanes, 418, Eixample, 08015 Barcelona, Spain",CLINICA DERMATOLOGIA,Pending,duplicate_website_domain:dorsia.es,554,Clínica Dorsia Cirurgia i Medicina Estètica
978,Clínica Londres | Cirugía y Medicina Estética,https://www.clinicalondres.es/clinicas/barcelona-rossello,,clinicalondres.es,"Carrer del Rosselló, 231, Eixample, 08008 Barcelona, Spain",CLINICA DERMATOLOGIA,Pending,duplicate_website_domain:clinicalondres.es,977,Clínica Londres Entença
1007,Corachan Nord - Consultes externes,http://www.corachan.com/,,corachan.com,"Carrer de les Tres Torres, 7, Sarrià-Sant Gervasi, 08017 Barcelona, Spain",CLINICA DERMATOLOGIA,Pending,duplicate_website_domain:corachan.com,953,Clínica Corachan
1013,DEX,https://www.cirugiaesteticadexeus.es/,admin@cirugiaesteticadexeus.es,cirugiaesteticadexeus.es,"Edifici Jardí Clinica Quiron Dexeus Consultes Externes, Gran Via de Carles III, 71-75, Planta 1, Les Corts, 08028 Barcelona, Spain",CLINICA DERMATOLOGIA,Pending,duplicate_email:admin@cirugiaesteticadexeus.es,582,Dr. Darnell
1038,Dr Boza Gómez Àngel,https://dermas.cat/portfolio-item/dermatologo-dr-angel-boza-gomez/,,dermas.cat,"Pg. de Gràcia, 61, Eixample, 08007 Barcelona, Spain",CLINICA DERMATOLOGIA,Pending,duplicate_website_domain:dermas.cat,955,Clínica Dermatològica Dermas
1042,Dr Jaime Piquero Casals,http://dermacentric.es/,info@dermacentric.es,dermacentric.es,"Pg. de St. Joan, 105, Eixample, 08037 Barcelona, Spain",CLINICA DERMATOLOGIA,Pending,duplicate_email:info@dermacentric.es,1021,Dermacentric Health & Aesthetics
1048,"Dr. Agustín Alomar Muntañola, Dermatólogo",https://www.doctoralia.es/agustin-alomar-muntanola/dermatologo/barcelona?utm_source=google&utm_medium=gmb&utm_campaign=6669&utm_content=website,,doctoralia.es,"Carrer de Balmes, 195, 8º 3ª, Sarrià-Sant Gervasi, 08006 Barcelona, Spain",CLINICA DERMATOLOGIA,Pending,duplicate_website_domain:doctoralia.es,130,Dra. Michele Verastegui
1049,Dr. Ahou Meydani,http://www.challiance.org/,webmaster@challiance.org,challiance.org,"230 Highland Ave, Somerville, MA 02143",CLINICA DERMATOLOGIA,Pending,duplicate_website_domain:challiance.org,904,CHA Dermatology
1058,"Dr. David Fortuny Ormad, Dermatólogo",https://www.doctoralia.es/david-fortuny-ormad/dermatologo-dermatologo-infantil/barcelona?utm_source=google&utm_medium=gmb&utm_campaign=22475&utm_content=website,,doctoralia.es,"Carrer de Torras i Pujalt, 11, Sarrià-Sant Gervasi, 08022 Barcelona, Spain",CLINICA DERMATOLOGIA,Pending,duplicate_website_domain:doctoralia.es,130,Dra. Michele Verastegui
1074,Dr. Luis Novoa - English & Spanish speaking Dermatologist & Specialist Doctor - Turó Park Clinics Barcelona,https://turoparkmedical.com/doctors/dr-luis-novoa-lamazares/,,turoparkmedical.com,"Plaça de Sant Gregori Taumaturg, 5, Sarrià-Sant Gervasi, 08021 Barcelona, Spain",CLINICA DERMATOLOGIA,Pending,duplicate_website_domain:turoparkmedical.com,1068,Dr. Jorge Arandes - Dermatologist
1080,Dr. Ramon Pigem - Trasplante capilar SIN rapar,https://www.drpigem.com/capilar,,drpigem.com,"Av. Diagonal, 383, Eixample, 08008 Barcelona, Spain",CLINICA DERMATOLOGIA,Pending,duplicate_website_domain:drpigem.com,1079,"Dr. Ramon Pigem - Dermatología, Estétitca facial, Capilar y Cirugía"
1081,Dr. Ramón Torné Escasany,https://drtorne.com/,,drtorne.com,"Av. de Sarrià, 129, 1º 1ª, Les Corts, 08017 Barcelona, Spain",CLINICA DERMATOLOGIA,Pending,duplicate_website_domain:drtorne.com,962,Clínica Dr Torné de Dermatologia SLP
1091,Dra Baselga Torres Eulàlia,http://www.dermik.es/,,dermik.es,"Carrer de les Escoles Pies, 7, Sarrià-Sant Gervasi, 08017 Barcelona, Spain",CLINICA DERMATOLOGIA,Pending,duplicate_website_domain:dermik.es,958,Clínica Dermik
1100,"Dra. Anna Vilanova, Dermatólogo",https://www.doctoralia.es/anna-vilanova/dermatologo/barcelona?utm_source=google&utm_medium=gmb&utm_campaign=71353&utm_content=website,,doctoralia.es,"Carrer Gran de Gràcia, 109, 1-2, Gràcia, 08012 Barcelona, Spain",CLINICA DERMATOLOGIA,Pending,duplicate_website_domain:doctoralia.es,130,Dra. Michele Verastegui
1103,"Dra. Christina Schepers, Dermatólogo",https://www.doctoralia.es/christina-schepers/dermatologo-terapeuta-complementario/gava?utm_source=google&utm_medium=gmb&utm_campaign=65322&utm_content=website,,doctoralia.es,"Carrer de Pere II de Montcada, 16, Sarrià-Sant Gervasi, 08034 Barcelona, Spain",CLINICA DERMATOLOGIA,Pending,duplicate_website_domain:doctoralia.es,130,Dra. Michele Verastegui
1105,Dra. Cristina Carrera Álvarez,https://www.topdoctors.es/doctor/cristina-carrera-alvarez,,topdoctors.es,"Pasaje Ricard Zamora, 1-3 Esquina, Carrer de Can Ràbia, 08017 Barcelona, Spain",CLINICA DERMATOLOGIA,Pending,duplicate_website_domain:topdoctors.es,1055,Dr. Carlos Mainou Cid
1107,Dra. Dina. Medicina Estética. Labios Naturales,https://linktr.ee/dradina,,linktr.ee,"Pg. de Gràcia, 78, 4ª 2ª, Eixample, 08008 Barcelona, Spain",CLINICA DERMATOLOGIA,Pending,duplicate_website_domain:linktr.ee,132,Essenza | Centro de estética integral | Barcelona
1110,"Dra. Esperanza Navarra Amayuelas, Dermatólogo",https://www.doctoralia.es/esperanza-navarra-amayuelas/dermatologo/barcelona?utm_source=google&utm_medium=gmb&utm_campaign=63553&utm_content=website,,doctoralia.es,"Rambla de Catalunya, 106, Eixample, 08008 Barcelona, Spain",CLINICA DERMATOLOGIA,Pending,duplicate_website_domain:doctoralia.es,130,Dra. Michele Verastegui
1113,"Dra. Glòria Abad, Dermatòleg",https://www.doctoralia.es/gloria-abad/dermatologo-dermatologo-infantil/barcelona?utm_source=google&utm_medium=gmb&utm_campaign=63574&utm_content=website,,doctoralia.es,"C/Vilana 12 Planta 0 Despacho 127, 08022 Barcelona, Spain",CLINICA DERMATOLOGIA,Pending,duplicate_website_domain:doctoralia.es,130,Dra. Michele Verastegui
1117,"Dra. Lidia Jáuregui Pallarés, Dermatólogo",https://www.doctoralia.es/lidia-jauregui-pallares/dermatologo/barcelona?utm_source=google&utm_medium=gmb&utm_campaign=53297&utm_content=website,,doctoralia.es,"Pg. de la Bonanova, 63 bis, Baixos, Sarrià-Sant Gervasi, 08017 Barcelona, Spain",CLINICA DERMATOLOGIA,Pending,duplicate_website_domain:doctoralia.es,130,Dra. Michele Verastegui
1119,Dra. Lorena Barboza Dermatóloga Invita Dermatologia,https://dermalorenabarboza.com/,,dermalorenabarboza.com,"C. del Capitán Arenas, 3, local 6, Les Corts, 08034 Barcelona, Spain",CLINICA DERMATOLOGIA,Pending,duplicate_website_domain:dermalorenabarboza.com,1118,Dra. Lorena Barboza Dermatología Corium Dermatology
1143,Eimec Clínic,https://www.eimecclinic.com/,info@eimec.com,eimecclinic.com,"Carrer del Doctor Aiguader, 14, Ciutat Vella, 08003 Barcelona, Spain",CLINICA DERMATOLOGIA,Pending,duplicate_email:info@eimec.com,1142,EIMEC: Escuela Internacional de Medicina Estética y Cirugía
1144,Elha Laser Center Creu Coberta,https://www.elhadepilacionlaser.com/,,elhadepilacionlaser.com,"Carrer Creu Coberta, 86, Sants-Montjuïc, 08014 Barcelona, Spain",CLINICA DERMATOLOGIA,Pending,duplicate_website_domain:elhadepilacionlaser.com,610,Elha Laser Center Bordeus
1145,Elha Laser Center Hospitalet Santa Eulalia,https://www.elhadepilacionlaser.com/,,elhadepilacionlaser.com,"Carrer Santa Eulàlia, 5, 08902 L'Hospitalet de Llobregat, Barcelona, Spain",CLINICA DERMATOLOGIA,Pending,duplicate_website_domain:elhadepilacionlaser.com,610,Elha Laser Center Bordeus
1146,Elha Laser Center Joan Güell,https://www.elhadepilacionlaser.com/,,elhadepilacionlaser.com,"Carrer de Joan Güell, 33, Sants-Montjuïc, 08028 Barcelona, Spain",CLINICA DERMATOLOGIA,Pending,duplicate_website_domain:elhadepilacionlaser.com,610,Elha Laser Center Bordeus
1147,Elha Laser Center Pisuerga,https://www.elhadepilacionlaser.com/,,elhadepilacionlaser.com,"C. del Pisuerga, 19, Les Corts, 08028 Barcelona, Spain",CLINICA DERMATOLOGIA,Pending,duplicate_website_domain:elhadepilacionlaser.com,610,Elha Laser Center Bordeus
1148,Elha Laser Center Rocafort,https://www.elhadepilacionlaser.com/,,elhadepilacionlaser.com,"Carrer de Rocafort, 106, Eixample, 08015 Barcelona, Spain",CLINICA DERMATOLOGIA,Pending,duplicate_website_domain:elhadepilacionlaser.com,610,Elha Laser Center Bordeus
1158,Evo Beauty Clinics,https://evobeautyclinics.com/,,evobeautyclinics.com,"Carrer de Ganduxer, 8, Sarrià-Sant Gervasi, 08021 Barcelona, Spain",CLINICA DERMATOLOGIA,Pending,duplicate_website_domain:evobeautyclinics.com,847,Valeria The House of Beauty By EVO | Londres
1164,GD (Gabinete Dermatológico),http://www.dermagd.com/,gdferrandonavarra@gmail.com,dermagd.com,"Rambla de Catalunya, 106, Eixample, 08008 Barcelona, Spain",CLINICA DERMATOLOGIA,Pending,duplicate_email:gdferrandonavarra@gmail.com,1141,Drs. Ferrando - Navarra - Gabinete GD Dermatológico
1178,IDERMA Dexeus - Dermatología,http://www.iderma.es/,,iderma.es,"Carrer de Sabino Arana, 5-19, 3 Planta, Les Corts, 08028 Barcelona, Spain",CLINICA DERMATOLOGIA,Pending,duplicate_website_domain:iderma.es,1177,IDERMA Bori Dermatología y Medicina Estética
1218,La Mahr Beauty,https://www.instagram.com/lamahrbeauty/,,instagram.com,"Carrer d'Espronceda, 102, Sant Martí, 08005 Barcelona, Spain",CLINICA DERMATOLOGIA,Pending,duplicate_website_domain:instagram.com,50,"Centro De Belleza y Estética ""A Todo Estilo"""
1222,Laser Factory man & woman Barcelona - Marina,https://laserfactory.cat/es/centros/depilacion-laser-barcelona-carrer-marina/,admin@laserfactory.finis-dev.com,laserfactory.cat,"Carrer de la Marina, 102, BAJOS, Sant Martí, 08018 Barcelona, Spain",CLINICA DERMATOLOGIA,Pending,duplicate_website_domain:laserfactory.cat,691,Laser Factory man & woman Hospitalet de Llobregat
1225,Laser Therapy Medic Gràcia,https://lasertherapymedic.es/,,lasertherapymedic.es,"Carrer d'Astúries, 42, Gràcia, 08012 Barcelona, Spain",CLINICA DERMATOLOGIA,Pending,duplicate_website_domain:lasertherapymedic.es,139,Laser Therapy Barcelona
1229,Levi Estética Avanzada,https://www.instagram.com/levi_estetica_avanzada/,,instagram.com,"Carrer de Floridablanca, 85, P BJ, Eixample, 08015 Barcelona, Spain",CLINICA DERMATOLOGIA,Pending,duplicate_website_domain:instagram.com,50,"Centro De Belleza y Estética ""A Todo Estilo"""
1235,Láserum Barcelona-Sants | Depilación Láser Diodo,https://laserum.com/centros-depilacion-laser/barcelona/sants/?utm_source=gbp&utm_medium=organic&utm_term=barcelona-sants,barcelonasants@laserum.es,laserum.com,"Carrer Creu Coberta, 41, tienda 1ª, Sants-Montjuïc, 08014 Barcelona, Spain",CLINICA DERMATOLOGIA,Pending,duplicate_website_domain:laserum.com,703,Láserum Barcelona Les Corts | Depilación Láser Diodo
1236,Láserum Hospitalet | Depilación Láser Diodo,https://laserum.com/centros-depilacion-laser/barcelona/hospitalet-llobregat/?utm_source=gbp&utm_medium=organic&utm_term=hospitalet-llobregat,hospitalet@laserum.es,laserum.com,"Carrer d'Herrero, 28, Local, 08901 L'Hospitalet de Llobregat, Barcelona, Spain",CLINICA DERMATOLOGIA,Pending,duplicate_website_domain:laserum.com,703,Láserum Barcelona Les Corts | Depilación Láser Diodo
1243,María Padilla - Estética de vanguardia - Balmes,http://mariapadilla.es/,reservas@mariapadilla.es,mariapadilla.es,"Carrer de Balmes, 130, ent. 2a, Eixample, 08008 Barcelona, Spain",CLINICA DERMATOLOGIA,Pending,duplicate_email:reservas@mariapadilla.es,45,Centre d'estètica María Padilla
1249,Medicina Estética Lago | Gran Vía,http://www.medicinaesteticalago.com/,,medicinaesteticalago.com,"Carrer de Calàbria, 85, Eixample, 08015 Barcelona, Spain",CLINICA DERMATOLOGIA,Pending,duplicate_website_domain:medicinaesteticalago.com,730,Medicina Estética Lago | Balmes
1256,Myss Laser Estètica,https://www.instagram.com/mysslaser/,,instagram.com,"Carrer d'Aragó, 97, Eixample, 08015 Barcelona, Spain",CLINICA DERMATOLOGIA,Pending,duplicate_website_domain:instagram.com,50,"Centro De Belleza y Estética ""A Todo Estilo"""
1263,Nova Center,https://widget.treatwell.es/establecimiento/nova-center/,,widget.treatwell.es,"Carrer dels Comtes de Bell-Lloc, 133, Baixos, Les Corts, 08014 Barcelona, Spain",CLINICA DERMATOLOGIA,Pending,duplicate_website_domain:widget.treatwell.es,13,Alba Piqueras - Benestar i estètica integral
1267,PBClinical Medicina Estética,http://www.pb-medicina-estetica.com/,info@pbclinical.com,pb-medicina-estetica.com,"Rambla de Catalunya, 120, 1º1ª, Eixample, 08008 Barcelona, Spain",CLINICA DERMATOLOGIA,Pending,duplicate_email:info@pbclinical.com,1197,Institut de Salut PB Clinical
1292,Sant Joan de Déu Barcelona Hospital,https://www.sjdhospitalbarcelona.org/,,sjdhospitalbarcelona.org,"Pg. de Sant Joan de Déu, 2, 08950 Esplugues de Llobregat, Barcelona, Spain",CLINICA DERMATOLOGIA,Pending,duplicate_website_domain:sjdhospitalbarcelona.org,1286,SJD Pediatric Cancer Center Barcelona
1297,SinVello! Barcelona - Sants | Depilación Láser Diodo,https://sinvelloporlaser.es/pages/tiendas/barcelona-sants?utm_source=google&utm_medium=gmb&utm_campaign=ficha_barcelona-sants,,sinvelloporlaser.es,"Carrer de Carreras i Candi, 89, Sants-Montjuïc, 08028 Barcelona, Spain",CLINICA DERMATOLOGIA,Pending,duplicate_website_domain:sinvelloporlaser.es,802,SinVello! Barcelona - Provença | Depilación Láser
1299,Skinceuticals Skin Lab Barcelona,https://shop.defelipe.com/,defelipe@defelipe.com,shop.defelipe.com,"C/ de Muntaner, 97, Eixample, 08036 Barcelona, Spain",CLINICA DERMATOLOGIA,Pending,present_in_sim_but_unmatched_on_platform,,
1304,THE SKN CLINIC centro médico estético,https://www.instagram.com/thesknclinicbcn/,,instagram.com,"Carrer de Còrsega, 92, Eixample, 08029 Barcelona, Spain",CLINICA DERMATOLOGIA,Pending,duplicate_website_domain:instagram.com,50,"Centro De Belleza y Estética ""A Todo Estilo"""
1305,TOTAL LASER,https://www.totallaser.es/,,totallaser.es,"Carrer del Consell de Cent, 266, Eixample, 08011 Barcelona, Spain",CLINICA DERMATOLOGIA,Pending,duplicate_website_domain:totallaser.es,827,TOTAL LASER
1314,UNIDAD DE DERMATOLOGÍA QUIRÚRGICA Dr. A.Vilalta,http://www.cancerpiel.com/,,cancerpiel.com,"Carrer de Balmes, 193, Sarrià-Sant Gervasi, 08006 Barcelona, Spain",CLINICA DERMATOLOGIA,Pending,duplicate_website_domain:cancerpiel.com,1051,Dr. Antonio Vilalta Solsona (UDQ)
1337,ACADEMIA CALYSTA,http://instagram.com/borratatu,,instagram.com,"Carrer del Bruc, 40, Eixample, 08010 Barcelona, Spain",PELUQUERIA,Pending,duplicate_website_domain:instagram.com,50,"Centro De Belleza y Estética ""A Todo Estilo"""
1338,ADOR Barcelona | Peluquería y Estética,,info@adorbarcelona.com,,"Carrer de París, 199, Eixample, 08036 Barcelona, Spain",PELUQUERIA,Pending,duplicate_email:info@adorbarcelona.com,731,Medicina Estética y Nutrición | ADOR Barcelona
1401,Barberia Aveiro,,help.es@booksy.com,,"Carrer de Provença, 95, Eixample, 08029 Barcelona, Spain",PELUQUERIA,Pending,duplicate_email:help.es@booksy.com,1332,58 flow la barbería
1446,"C&C ACADÈMIA CASANOVA BARCELONA (VILADOMAT). Academia de Peluquería, Barbería y Estética.",,info@academiacasanova.com,,"Carrer de Viladomat, 125, Eixample, 08015 Barcelona, Spain",PELUQUERIA,Pending,duplicate_email:info@academiacasanova.com,37,"C&C ACADÈMIA CASANOVA BARCELONA (SANTS). Academia de Peluquería, Barbería y Estética"
1450,CCCI Centro de Cirugia Capilar Internacional,https://www.cccibarcelona.com/,,cccibarcelona.com,"Pg. de St. Joan, 123, Eixample, 08037 Barcelona, Spain",PELUQUERIA,Pending,duplicate_website_domain:cccibarcelona.com,899,CCCI – Centro de Cirugía Capilar Internacional Barcelona. Grupo Tufet
1478,Centro de peluquería y estética Josep Pons Barcelona,,info@joseppons.com,,"Carrer de Loreto, 46, Les Corts, 08029 Barcelona, Spain",PELUQUERIA,Pending,duplicate_email:info@joseppons.com,677,Josep Pons Formació
1489,Clínica Dorsia Cirugia i Medicina Estètica,https://www.dorsia.es/clinicas-dorsia/esplugues-llobregat/?utm_campaign=noviembre24&utm_content=sitio-web-gmb&utm_medium=gmb&utm_source=fichadegoogle,,dorsia.es,"Carrer del Mestre Joan Corrales, 50, 08950 Esplugues de Llobregat, Barcelona, Spain",PELUQUERIA,Pending,duplicate_website_domain:dorsia.es,554,Clínica Dorsia Cirurgia i Medicina Estètica
1490,Clínica EGOS - Bloome Barcelona Guinardó - Cirugía Plástica y Medicina estética,https://www.clinicaegos.com/,,clinicaegos.com,"Carrer de Sardenya, 515, Gràcia, 08024 Barcelona, Spain",PELUQUERIA,Pending,duplicate_website_domain:clinicaegos.com,966,Clínica EGOS & Bloome Hospitalet - Cirugía y medicina estética
1491,Clínica EGOS - Bloome Hospitalet - Cirugía Plástica y Medicina estética,https://www.clinicaegos.com/,info@clinicaegos.com,clinicaegos.com,"Rambla Just Oliveras, 63, 08901 L'Hospitalet de Llobregat, Barcelona, Spain",PELUQUERIA,Pending,duplicate_email:info@clinicaegos.com,966,Clínica EGOS & Bloome Hospitalet - Cirugía y medicina estética
1492,Clínica EGOS - BloomebyEGOS Badalona - Cirugía Plástica y Medicina estética,https://www.clinicaegos.com/,info@clinicaegos.com,clinicaegos.com,"Plaça de l'Alcalde Xifré, 14, 08912 Badalona, Barcelona, Spain",PELUQUERIA,Pending,duplicate_email:info@clinicaegos.com,966,Clínica EGOS & Bloome Hospitalet - Cirugía y medicina estética
1493,Clínica EGOS Barcelona Aribau - Cirugía Estética y Plástica,https://www.clinicaegos.com/,info@clinicaegos.com,clinicaegos.com,"Carrer d'Aribau, 192, Eixample, 08036 Barcelona, Spain",PELUQUERIA,Pending,duplicate_email:info@clinicaegos.com,966,Clínica EGOS & Bloome Hospitalet - Cirugía y medicina estética
1494,Clínica Egos,https://www.clinicaegos.com/,info@clinicaegos.com,clinicaegos.com,"Carrer de Balmes, 268, Sarrià-Sant Gervasi, 08006 Barcelona, Spain",PELUQUERIA,Pending,duplicate_email:info@clinicaegos.com,966,Clínica EGOS & Bloome Hospitalet - Cirugía y medicina estética
1500,Clínica Internacional de Medicina Estética - CIME,http://www.clinica-cime.com/,,clinica-cime.com,"Av. de Martí Pujol, 230, 08911 Badalona, Barcelona, Spain",PELUQUERIA,Pending,duplicate_website_domain:clinica-cime.com,943,Clinica CIME Barcelona - Medicina Estetica
1508,Clínica Odontològica Avançada,https://barcelona.cabeceran.com/clinica-dental-eixample/,,barcelona.cabeceran.com,"Gran Via de les Corts Catalanes, 622, Entlo 2, Eixample, 08007 Barcelona, Spain",PELUQUERIA,Pending,duplicate_website_domain:barcelona.cabeceran.com,1473,Centre Mèdic Cabeceran Les Escoles | Sarrià | Barcelona
1512,Clínicas Dorsia Cirugía y Medicina Estética,https://www.dorsia.es/clinicas-dorsia/barcelona-travessera-dalt,,dorsia.es,"Trav. de Dalt, 121, Gràcia, 08024 Barcelona, Spain",PELUQUERIA,Pending,duplicate_website_domain:dorsia.es,554,Clínica Dorsia Cirurgia i Medicina Estètica
1528,DR.CUT BARBER SHOP & TATTOO,,help.es@booksy.com,,"Rambla de Badal, 28, Sants-Montjuïc, 08014 Barcelona, Spain",PELUQUERIA,Pending,duplicate_email:help.es@booksy.com,1332,58 flow la barbería
1539,Divine Perruqueria,https://www.instagram.com/zaradivinesalon/profilecard/?igsh=M2ZpNHkyNWRmc2Qx,,instagram.com,"Carrer de Calàbria, 200, LOCAL 1, Eixample, 08029 Barcelona, Spain",PELUQUERIA,Pending,duplicate_website_domain:instagram.com,50,"Centro De Belleza y Estética ""A Todo Estilo"""
1543,Dr Alvaro Chaux,https://drchaux.es/,,drchaux.es,"Carrer de la Diputació, 238-244, 4 planta, puerta 4, Eixample, 08009 Barcelona, Spain",PELUQUERIA,Pending,duplicate_website_domain:drchaux.es,579,Dr Alvaro Chaux
1545,"Dr. Daniela Fajardo - Spanish, Catalan & English speaking Trichology & Capillary Surgeon - Turó Park Clinics Barcelona",https://turoparkmedical.com/doctors/dr-daniela-fajardo-revollo-physician/,,turoparkmedical.com,"Plaça de Sant Gregori Taumaturg, 5, Sarrià-Sant Gervasi, 08021 Barcelona, Spain",PELUQUERIA,Pending,duplicate_website_domain:turoparkmedical.com,1068,Dr. Jorge Arandes - Dermatologist
1546,"Dr. Domingo Bodet Castillo, Dermatólogo",https://www.doctoralia.es/domingo-bodet-castillo/dermatologo/barcelona?utm_source=google&utm_medium=gmb&utm_campaign=70149&utm_content=website,,doctoralia.es,"Pg. de la Vall d'Hebron, 129, Horta-Guinardó, 08035 Barcelona, Spain",PELUQUERIA,Pending,duplicate_website_domain:doctoralia.es,130,Dra. Michele Verastegui
1549,Dr. Joan Ramón Garcés Gatnau,https://www.dermaassociats.com/,,dermaassociats.com,"Carrer de Vilana, 12, Despacho 124, Sarrià-Sant Gervasi, 08022 Barcelona, Spain",PELUQUERIA,Pending,duplicate_website_domain:dermaassociats.com,1139,Dra. Verónica Ruiz Salas
1550,Dr. Jorge Planas,https://www.clinicaplanas.com/,doctor@clinicaplanas.com,clinicaplanas.com,"Carrer de Pere II de Montcada, 16, Sarrià-Sant Gervasi, 08034 Barcelona, Spain",PELUQUERIA,Pending,duplicate_email:doctor@clinicaplanas.com,987,Clínica Planas
1551,Dr. José Luis Martínez Meseguer,https://www.topdoctors.es/doctor/jose-luis-martinez,,topdoctors.es,"despacho 181, Carrer de Vilana, 12, 3ª planta, Sarrià-Sant Gervasi, 08022 Barcelona, Spain",PELUQUERIA,Pending,duplicate_website_domain:topdoctors.es,1055,Dr. Carlos Mainou Cid
1553,Dr. Michalis Georgiou,https://www.topdoctors.es/doctor/michalis-georgiou,,topdoctors.es,"Pg. de St. Joan, 123, Eixample, 08037 Barcelona, Spain",PELUQUERIA,Pending,duplicate_website_domain:topdoctors.es,1055,Dr. Carlos Mainou Cid
1555,Dr. Xavier Bigatà Viscasillas,https://www.topdoctors.es/doctor/xavier-bigata-viscasillas,,topdoctors.es,"Consultas externas, Carrer de Sabino Arana, 5-19, 3ª planta, Les Corts, 08028 Barcelona, Spain",PELUQUERIA,Pending,duplicate_website_domain:topdoctors.es,1055,Dr. Carlos Mainou Cid
1559,Dra. Bettina Tiravanti Campos,https://www.topdoctors.es/doctor/bettina-tiravanti-campos,,topdoctors.es,"Pg. de St. Joan, 123, Eixample, 08037 Barcelona, Spain",PELUQUERIA,Pending,duplicate_website_domain:topdoctors.es,1055,Dr. Carlos Mainou Cid
1560,"Dra. Magdalena Szymanska Bueno, Dermatólogo",https://www.doctoralia.es/magdalena-szymanska-bueno-4/dermatologo-medico-estetico/barcelona?utm_source=google&utm_medium=gmb&utm_campaign=157981&utm_content=website,,doctoralia.es,"Av. Diagonal, 489, Les Corts, 08029 Barcelona, Spain",PELUQUERIA,Pending,duplicate_website_domain:doctoralia.es,130,Dra. Michele Verastegui
1561,"Dra. Marina Garrido Romero, Cirujano general",https://www.doctoralia.es/marina-garrido-romero/cirujano-general-medico-estetico/barcelona?utm_source=google&utm_medium=gmb&utm_campaign=80605&utm_content=website,,doctoralia.es,"Carrer del Marquès de Sentmenat, 54, 2º3ª, Les Corts, 08029 Barcelona, Spain",PELUQUERIA,Pending,duplicate_website_domain:doctoralia.es,130,Dra. Michele Verastegui
1562,Dra. Mireia Ruiz Castilla,https://www.topdoctors.es/doctor/mireia-ruiz-castilla,,topdoctors.es,"Plaça d'Alfonso Comín, 5, 7, 2ª planta, consultas 209 y 210, Gràcia, 08023 Barcelona, Spain",PELUQUERIA,Pending,duplicate_website_domain:topdoctors.es,1055,Dr. Carlos Mainou Cid
1595,Fernanda Burgos - Micropigmentación Natural,https://linktr.ee/fernandaburgos.com,,linktr.ee,"Carrer del Rosselló, 186, Eixample, 08008 Barcelona, Spain",PELUQUERIA,Pending,duplicate_website_domain:linktr.ee,132,Essenza | Centro de estética integral | Barcelona
1605,Germans Barbershop,,help.es@booksy.com,,"Carrer del Moianès, 12, Sants-Montjuïc, 08014 Barcelona, Spain",PELUQUERIA,Pending,duplicate_email:help.es@booksy.com,1332,58 flow la barbería
1610,Grupostop Barcelona L'Eixample Depilación Láser y Medicina Estética,https://grupostop.com/centro/centro-de-depilacion-laser-y-medicina-estetica-en-barcelona-eixample/,barcelona.valencia@grupostop.eu,grupostop.com,"Carrer de València, 155, Eixample, 08011 Barcelona, Spain",PELUQUERIA,Pending,duplicate_website_domain:grupostop.com,1170,Grupostop Barcelona Sants
1630,Hair Studio by Miguel Arocha,,help.es@booksy.com,,"Av. de Mistral, 66, Eixample, 08015 Barcelona, Spain",PELUQUERIA,Pending,duplicate_email:help.es@booksy.com,1332,58 flow la barbería
1693,La Barberia de Pedro,,help.es@booksy.com,,"Av. de Madrid, 64, Sants-Montjuïc, 08028 Barcelona, Spain",PELUQUERIA,Pending,duplicate_email:help.es@booksy.com,1332,58 flow la barbería
1698,La Forja Barbershop,,help.es@booksy.com,,"Carrer del Tenor Masini, 93, Sants-Montjuïc, 08028 Barcelona, Spain",PELUQUERIA,Pending,duplicate_email:help.es@booksy.com,1332,58 flow la barbería
1747,Maria Gras Estètica,https://www.treatwell.es/establecimiento/maria-gras-estetic/,,treatwell.es,"Carrer de Viladomat, 133, bajo, Eixample, 08015 Barcelona, Spain",PELUQUERIA,Pending,duplicate_website_domain:treatwell.es,31,Bell Beauty | Academia y Salón de Belleza
1754,María Padilla - Estética de vanguardia - Carlos III,https://mariapadilla.es/,reservas@mariapadilla.es,mariapadilla.es,"Gran Via de Carles III, 101, Les Corts, 08028 Barcelona, Spain",PELUQUERIA,Pending,duplicate_email:reservas@mariapadilla.es,45,Centre d'estètica María Padilla
1755,María Padilla - Estética de vanguardia - Muntaner,http://www.mariapadilla.es/,reservas@mariapadilla.es,mariapadilla.es,"C/ de Muntaner, 350, Sarrià-Sant Gervasi, 08021 Barcelona, Spain",PELUQUERIA,Pending,duplicate_email:reservas@mariapadilla.es,45,Centre d'estètica María Padilla
1782,Micropigmentación Clínica Mandri - Silvia Garcia Guerra,http://micropigmentacionclinicamandri.com/,info@clinicamandri.com,micropigmentacionclinicamandri.com,"Carrer de Bigai, 11, 13 Local 1, Sarrià-Sant Gervasi, 08022 Barcelona, Spain",PELUQUERIA,Pending,duplicate_email:info@clinicamandri.com,1503,Clínica Mandri | Clínica Estética en Barcelona
1825,PRO.KERATIN,https://www.instagram.com/_pro.keratin_/?igshid=MzRlODBiNWFlZA==,,instagram.com,"Carrer de Mallorca, 41, local 2, Eixample, 08029 Barcelona, Spain",PELUQUERIA,Pending,duplicate_website_domain:instagram.com,50,"Centro De Belleza y Estética ""A Todo Estilo"""
1828,Paul's Barber Club,,help.es@booksy.com,,"Carrer de Roger de Flor, 216, Eixample, 08013 Barcelona, Spain",PELUQUERIA,Pending,duplicate_email:help.es@booksy.com,1332,58 flow la barbería
1881,Perruqueria Hospitalet - Marta’s Colors - Marta Cruz García,,help.es@booksy.com,,"Carrer de Rodés, 18, 08901 L'Hospitalet de Llobregat, Barcelona, Spain",PELUQUERIA,Pending,duplicate_email:help.es@booksy.com,1332,58 flow la barbería
1912,Piú Eleganza - Barberia i Assessoria d'Imatge Masculina,,help.es@booksy.com,,"47 Bis, Av. de Madrid, Les Corts, 08028 Barcelona, Spain",PELUQUERIA,Pending,duplicate_email:help.es@booksy.com,1332,58 flow la barbería
1916,Posa't Wap@ Guinardó Peluquería y Estética,https://www.instagram.com/posatwapa/,,instagram.com,"Carrer de los Castillejos, 374, Horta-Guinardó, 08025 Barcelona, Spain",PELUQUERIA,Pending,duplicate_website_domain:instagram.com,50,"Centro De Belleza y Estética ""A Todo Estilo"""
1930,Remind Hair | Clínica capilar Barcelona,https://www.remindhair.com/,,remindhair.com,"Av. Diagonal, 676, Locales 4 y 5, Les Corts, 08034 Barcelona, Spain",PELUQUERIA,Pending,duplicate_website_domain:remindhair.com,1281,Remind Hair | Tricólogo Barcelona
1935,Rf Micropigmentació El Prat,https://rfmicropigmentacion.com/,,rfmicropigmentacion.com,"Carrer de Manuel Bertrand, 84, 08820 El Prat de Llobregat, Barcelona, Spain",PELUQUERIA,Pending,duplicate_website_domain:rfmicropigmentacion.com,1934,Rf Micropigmentacion El Prat
1999,TEN Clinic - Clínica Medicina Estética Barcelona,https://tenbcn.com/clinica-estetica-ten-beauty-barcelona/,,tenbcn.com,"Carrer de València, 195, Eixample, 08011 Barcelona, Spain",PELUQUERIA,Pending,duplicate_website_domain:tenbcn.com,826,TEN Beauty | Barcelona
2010,The Barber Job Barcelona,,help.es@booksy.com,,"Carrer del Torrent de l'Olla, 6, Gràcia, 08012 Barcelona, Spain",PELUQUERIA,Pending,duplicate_email:help.es@booksy.com,1332,58 flow la barbería
2017,The Professional Barber Shop,,help.es@booksy.com,,"Carrer de Calàbria, 152, Eixample, 08015 Barcelona, Spain",PELUQUERIA,Pending,duplicate_email:help.es@booksy.com,1332,58 flow la barbería
2023,Trasplante Capilar SIN rapar Dra Lorena Barboza,https://www.villodres.org/,,villodres.org,"Av. Diagonal, 383, Principal 1ª, Eixample, 08008 Barcelona, Spain",PELUQUERIA,Pending,duplicate_website_domain:villodres.org,1182,IVD CLINICA DE TRASPLANTE CAPILAR
2037,Valetta PMU,https://www.instagram.com/valetta.pmu?igsh=ZGZpbXhib2owaHll,,instagram.com,"Carrer de Còrsega, 242, Eixample, 08036 Barcelona, Spain",PELUQUERIA,Pending,duplicate_website_domain:instagram.com,50,"Centro De Belleza y Estética ""A Todo Estilo"""
2054,Wave Hair Salon,https://instagram.com/wavehairsalon_?igshid=YmMyMTA2M2Y=,,instagram.com,"Carrer de Villarroel, 31, Eixample, 08011 Barcelona, Spain",PELUQUERIA,Pending,duplicate_website_domain:instagram.com,50,"Centro De Belleza y Estética ""A Todo Estilo"""
2080,▷ Aslan Capilar - Clínica Capilar en Barcelona,http://www.aslancapilar.com/,,aslancapilar.com,"Via Augusta, 281, Sarrià-Sant Gervasi, 08017 Barcelona, Spain",PELUQUERIA,Pending,duplicate_website_domain:aslancapilar.com,1378,Aslan Cirugía Plástica
2083,0 calvicie Diagonal,https://0calvicie.com/,,0calvicie.com,"Gran Via de Carles III, 50-52, Local H, Les Corts, 08028 Barcelona, Spain",CLINICA CAPILAR,Pending,duplicate_website_domain:0calvicie.com,1329,0 calvicie Diagonal
2085,Biotricologia® Cosmética Capilar Natural Avanzada,http://www.biotricologia.com/,,biotricologia.com,"Carrer Enginyer Moncunill, 53, 08905 L'Hospitalet de Llobregat, Barcelona, Spain",CLINICA CAPILAR,Pending,duplicate_website_domain:biotricologia.com,1434,Biotricologia® Cosmética Capilar Natural Avanzada
2086,Bliss Capilar Center,https://blisscapilarcenter.com/,,blisscapilarcenter.com,"Carrer de Còrsega, 496, entl. 4t, Gràcia, 08025 Barcelona, Spain",CLINICA CAPILAR,Pending,duplicate_website_domain:blisscapilarcenter.com,1435,Bliss Capilar Center
2087,CCCI Centro de Cirugia Capilar Internacional,https://www.cccibarcelona.com/,,cccibarcelona.com,"Carrer del Rosselló, 273, Eixample, 08008 Barcelona, Spain",CLINICA CAPILAR,Pending,duplicate_website_domain:cccibarcelona.com,899,CCCI – Centro de Cirugía Capilar Internacional Barcelona. Grupo Tufet
2088,CHARA CAPILAR,https://www.characapilar.com/,,characapilar.com,"Carrer d'Aragó, 7, Entlo 3ª, Eixample, 08015 Barcelona, Spain",CLINICA CAPILAR,Pending,duplicate_website_domain:characapilar.com,1452,CHARA CAPILAR
2089,CLINICANA,http://www.clinicana.com/es/,,clinicana.com,"Travessera de Gràcia, 43, entresuelo, Sarrià-Sant Gervasi, 08021 Barcelona, Spain",CLINICA CAPILAR,Pending,duplicate_website_domain:clinicana.com,1454,CLINICANA
2090,CapilClinic Barcelona,https://www.capilclinic.es,,capilclinic.es,"Av. Diagonal, 676, Locales 4 y 5, Les Corts, 08034 Barcelona, Spain",CLINICA CAPILAR,Pending,duplicate_website_domain:capilclinic.es,1462,CapilClinic Barcelona
2091,Capilar Professionals,https://www.capilarprofessionals.com/,roberto@capilarprofessionals.com,capilarprofessionals.com,"Gran Via de les Corts Catalanes, 581, Eixample, 08011 Barcelona, Spain",CLINICA CAPILAR,Pending,duplicate_email:roberto@capilarprofessionals.com,1463,Capilar Professionals
2092,Carreras Centre Capilar Oncològic,http://www.carrerascentrocapilar.com/,,carrerascentrocapilar.com,"Pg. de Gràcia, 78, Eixample, 08008 Barcelona, Spain",CLINICA CAPILAR,Pending,duplicate_website_domain:carrerascentrocapilar.com,1470,Carreras Centre Capilar Oncològic
2093,Centre de Tecnologia Capilar,https://www.clubzurko.com/zurko-ctc/,,clubzurko.com,"Carretera de Ribes, 186, 08520 Corró d'Avall, Barcelona, Spain",CLINICA CAPILAR,Pending,duplicate_website_domain:clubzurko.com,1476,Centre de Tecnologia Capilar
2094,Centros Beltrán Barcelona – Pelucas naturales y prótesis capilares,https://centrosbeltran.com/centros-asociados/protesis-capilar-barcelona/,,centrosbeltran.com,"Via Augusta, 281, Planta 4ª, Sarrià-Sant Gervasi, 08017 Barcelona, Spain",CLINICA CAPILAR,Pending,duplicate_website_domain:centrosbeltran.com,1479,Centros Beltrán Barcelona – Pelucas naturales y prótesis capilares
2095,Clínica Capil·lar a Barcelona | Trasplantament o Ingert | Instituto del Pelo | Institut Català de Tricologia,https://institutodelpelo.com/,,institutodelpelo.com,"Via S. Domenico, 107, 50133 Firenze FI, Italy",CLINICA CAPILAR,Pending,duplicate_website_domain:institutodelpelo.com,1488,Clínica Capil·lar a Barcelona | Trasplantament o Ingert | Instituto del Pelo | Institut Català de Tricologia
2097,Clínica Renace | Micropigmentación Capilar,https://renaceclinica.com/,,renaceclinica.com,"Av. Diagonal, 383, Principal 1ª, Eixample, 08008 Barcelona, Spain",CLINICA CAPILAR,Pending,duplicate_website_domain:renaceclinica.com,1509,Clínica Renace | Micropigmentación Capilar
2098,DENSIFY capilar,http://www.densify.es/,,densify.es,"Av. Diagonal, 640, Planta Oficina A, Les Corts, 08017 Barcelona, Spain",CLINICA CAPILAR,Pending,duplicate_website_domain:densify.es,1526,DENSIFY capilar
2100,Doctor Merlos Clínica de injerto capilar en Barcelona,https://drmerloscapilar.es/,,drmerloscapilar.es,"Clínica Salvà ·, Camí de Son Rapinya, 1, Planta 2, Ponent, 07013 Palma, Balearic Islands, Spain",CLINICA CAPILAR,Pending,duplicate_website_domain:drmerloscapilar.es,1541,Doctor Merlos Clínica de injerto capilar en Barcelona
2101,"Dr. Daniela Fajardo - Spanish, Catalan & English speaking Trichology & Capillary Surgeon - Turó Park Clinics Barcelona",https://turoparkmedical.com/doctors/dr-daniela-fajardo-revollo-physician/,,turoparkmedical.com,"Via Edolo, 26, 20125 Milano MI, Italy",CLINICA CAPILAR,Pending,duplicate_website_domain:turoparkmedical.com,1068,Dr. Jorge Arandes - Dermatologist
2102,"Dr. Maria Carrera - Medicina Estética, láser y Tricología",https://dramariacarrera.com/,,dramariacarrera.com,"Via Augusta, 1-3, Sarrià-Sant Gervasi, 08006 Barcelona, Spain",CLINICA CAPILAR,Pending,duplicate_website_domain:dramariacarrera.com,1552,"Dr. Maria Carrera - Medicina Estética, láser y Tricología"
2103,EL TALLER CAPILAR BARCELONA,http://eltallercapilar.com/,,eltallercapilar.com,"Carrer de Johann Sebastian Bach, Sarrià-Sant Gervasi, 08021 Barcelona, Spain",CLINICA CAPILAR,Pending,duplicate_website_domain:eltallercapilar.com,1569,EL TALLER CAPILAR BARCELONA
2104,"Fuchisimo: Restauración de Tatuajes, Covers y Micropigmentación Capilar",https://fuchisimo-microcapilar.com/,raquelgarab@gmail.com,fuchisimo-microcapilar.com,"Carrer de Joan Blanques, 40, Gràcia, 08012 Barcelona, Spain",CLINICA CAPILAR,Pending,duplicate_email:raquelgarab@gmail.com,1599,"Fuchisimo: Restauración de Tatuajes, Covers y Micropigmentación Capilar"
2105,Gournay Clínica Capilar en Barcelona - Instituto Quirúrgico Capilar,https://institutoquirurgicocapilar.com/,,institutoquirurgicocapilar.com,"Avinguda de la Riera de Cassoles, 5, Sarrià-Sant Gervasi, 08012 Barcelona, Spain",CLINICA CAPILAR,Pending,duplicate_website_domain:institutoquirurgicocapilar.com,1609,Gournay Clínica Capilar en Barcelona - Instituto Quirúrgico Capilar
2106,Hair Inspira® Expertos en Prótesis Capilares en Barcelona,https://hairinspira.com/estudio-expertos-protesis-capilares-barcelona/,hello@hairinspira.com,hairinspira.com,"Via Augusta, 281, Sarrià-Sant Gervasi, 08017 Barcelona, Spain",CLINICA CAPILAR,Pending,duplicate_email:hello@hairinspira.com,1623,Hair Inspira
2107,Hair Solution Clínica Salud y Estética Capilar,https://hairsolution.es/contacta,,hairsolution.es,,CLINICA CAPILAR,Pending,duplicate_website_domain:hairsolution.es,1626,Hair Solution Clínica Salud y Estética Capilar
2108,"HairBack Clinic - Injerto Capilar en Barcelona, España",https://www.hairbackclinic.es/,,hairbackclinic.es,,CLINICA CAPILAR,Pending,duplicate_website_domain:hairbackclinic.es,1631,"HairBack Clinic - Injerto Capilar en Barcelona, España"
2109,ISTITUTO DERMATOLOGICO TRICOLOGICO ROMANO,https://www.istitutotricologico.it/,,istitutotricologico.it,,CLINICA CAPILAR,Pending,duplicate_website_domain:istitutotricologico.it,1645,ISTITUTO DERMATOLOGICO TRICOLOGICO ROMANO
2110,Injerto Capilar Barcelona,https://injertocapilarbarcelona.injertoscapilaresfue.com/,,injertocapilarbarcelona.injertoscapilaresfue.com,,CLINICA CAPILAR,Pending,duplicate_website_domain:injertocapilarbarcelona.injertoscapilaresfue.com,1649,Injerto Capilar Barcelona
2112,Inktenza Micropigmentación Capilar,https://www.inktenzastudio.com/,inktenza@inktenza.com,inktenzastudio.com,,CLINICA CAPILAR,Pending,duplicate_email:inktenza@inktenza.com,1651,Inktenza Micropigmentación Capilar
2113,Insparya® | Clínica salud capilar Barcelona,https://www.insparya.es/,,insparya.es,,CLINICA CAPILAR,Pending,duplicate_website_domain:insparya.es,1652,Insparya® | Clínica salud capilar Barcelona
2114,Instituto Capilar Saint Antoine de París,http://www.capilarsaintantoine.com/,,capilarsaintantoine.com,,CLINICA CAPILAR,Pending,duplicate_website_domain:capilarsaintantoine.com,1655,Instituto Capilar Saint Antoine de París
2115,Instituto Quirúrgico Capilar - Unidad Capilar I Gournay,https://institutoquirurgicocapilar.com/,,institutoquirurgicocapilar.com,,CLINICA CAPILAR,Pending,duplicate_website_domain:institutoquirurgicocapilar.com,1609,Gournay Clínica Capilar en Barcelona - Instituto Quirúrgico Capilar
2116,Istituto Giglio Centro di Tricologia Reggio Emilia,https://www.istitutogiglio.it/,,istitutogiglio.it,,CLINICA CAPILAR,Pending,duplicate_website_domain:istitutogiglio.it,1660,Istituto Giglio Centro di Tricologia Reggio Emilia
2117,Istituto Giglio Centro di Tricologia Roma,http://www.istitutogiglio.it/,,istitutogiglio.it,,CLINICA CAPILAR,Pending,duplicate_website_domain:istitutogiglio.it,1660,Istituto Giglio Centro di Tricologia Reggio Emilia
2121,Manoli Hernández - Micropigmentación Capilar,https://www.manolihernandez.com/,info@manolihernandez.com,manolihernandez.com,,CLINICA CAPILAR,Pending,duplicate_email:info@manolihernandez.com,1742,Manoli Hernández - Micropigmentación Capilar
2122,May Clínica Médica Capilar,https://www.implantes-capilares.com/,,implantes-capilares.com,,CLINICA CAPILAR,Pending,duplicate_website_domain:implantes-capilares.com,1760,May Clínica Médica Capilar
2123,Medical Hair Barcelona - Clínica Capilar,https://www.medicalhair.es/barcelona/,,medicalhair.es,,CLINICA CAPILAR,Pending,duplicate_website_domain:medicalhair.es,1767,Medical Hair Barcelona - Clínica Capilar
2124,Merlos y Caraza Clinica medicina estética y capilar,https://merloscaraza.com/,atencion@merloscaraza.com,merloscaraza.com,,CLINICA CAPILAR,Pending,duplicate_email:atencion@merloscaraza.com,1773,Merlos y Caraza Clinica medicina estética y capilar
2126,Micropigmentació Capilar Barcelona,http://micropigmentacioncapilarbcn.com/,,micropigmentacioncapilarbcn.com,,CLINICA CAPILAR,Pending,duplicate_website_domain:micropigmentacioncapilarbcn.com,1778,Micropigmentació Capilar Barcelona
2127,Micropigmentació Capilar Densitat Barcelona,http://micropigmentacion-barcelona.com/,,micropigmentacion-barcelona.com,,CLINICA CAPILAR,Pending,duplicate_website_domain:micropigmentacion-barcelona.com,1779,Micropigmentació Capilar Densitat Barcelona
2129,Newman - Centro Capilar Unisex,https://www.capilarnewman.es/,,capilarnewman.es,,CLINICA CAPILAR,Pending,duplicate_website_domain:capilarnewman.es,1796,Newman - Centro Capilar Unisex
2130,Oscar Arango | Micropigmentación Capilar Barcelona,https://oscararangocapilar.com/,,oscararangocapilar.com,,CLINICA CAPILAR,Pending,duplicate_website_domain:oscararangocapilar.com,1813,Oscar Arango | Micropigmentación Capilar Barcelona
2131,Pelucas Danien Centro Capilar,https://danien.com/,,danien.com,,CLINICA CAPILAR,Pending,duplicate_website_domain:danien.com,1831,Pelucas Danien Centro Capilar
2132,PlusCapilar & Estética,https://pluscapilar.com/es/inicio/,,pluscapilar.com,,CLINICA CAPILAR,Pending,duplicate_website_domain:pluscapilar.com,1913,PlusCapilar & Estética
2133,Remind Hair | Clínica capilar Barcelona,https://www.remindhair.com/,,remindhair.com,,CLINICA CAPILAR,Pending,duplicate_website_domain:remindhair.com,1281,Remind Hair | Tricólogo Barcelona
2134,Rueber Centro Capilar,http://www.ruebercentrocapilar.es/,,ruebercentrocapilar.es,,CLINICA CAPILAR,Pending,duplicate_website_domain:ruebercentrocapilar.es,1940,Rueber Centro Capilar
2135,SANIGER Centro Capilar,http://saniger.es/,,saniger.es,,CLINICA CAPILAR,Pending,duplicate_website_domain:saniger.es,1945,SANIGER Centro Capilar
2136,SIMONE TRICHOLOGY,https://www.simonehair.com/,,simonehair.com,,CLINICA CAPILAR,Pending,duplicate_website_domain:simonehair.com,1948,SIMONE TRICHOLOGY
2137,Sanantur - Implante capilar en Barcelona,https://sanantur.com/,,sanantur.com,,CLINICA CAPILAR,Pending,duplicate_website_domain:sanantur.com,1978,Sanantur - Implante capilar en Barcelona
2138,Società Italiana di Tricologia,http://sitri.it/,,sitri.it,,CLINICA CAPILAR,Pending,duplicate_website_domain:sitri.it,1988,Società Italiana di Tricologia
2139,Svenson - Clínica capilar en Barcelona - Muntaner,https://www.svenson.es/centros-capilares/centro-capilar-barcelona-muntaner/,,svenson.es,,CLINICA CAPILAR,Pending,duplicate_website_domain:svenson.es,1997,Svenson - Clínica capilar en Barcelona - Muntaner
2140,Trasplante Capilar SIN rapar Dra Lorena Barboza,https://www.villodres.org/,,villodres.org,,CLINICA CAPILAR,Pending,duplicate_website_domain:villodres.org,1182,IVD CLINICA DE TRASPLANTE CAPILAR
2149,▷ Aslan Capilar - Clínica Capilar en Barcelona,http://www.aslancapilar.com/,,aslancapilar.com,,CLINICA CAPILAR,Pending,duplicate_website_domain:aslancapilar.com,1378,Aslan Cirugía Plástica
2166,Ana Carola Massage,https://www.instagram.com/anacarolamassage?utm_source=qr&igshid=YTlmZjI0ZWMzOA==,,instagram.com,"Carrer de Mallorca, 528, Bjs, Sant Martí, 08026 Barcelona, Spain",SPA,Pending,duplicate_website_domain:instagram.com,50,"Centro De Belleza y Estética ""A Todo Estilo"""
2221,Centro De Salud Integral,http://centrosaludintegral.net/,,centrosaludintegral.net,"Carrer de Portugal, 40, 08907 L'Hospitalet de Llobregat, Barcelona, Spain",SPA,Pending,duplicate_website_domain:centrosaludintegral.net,926,Centre Salut Integral
2247,Club Metropolitan Iradier,http://www.clubmetropolitan.com/gimnasio/barcelona/metropolitan-iradier,,clubmetropolitan.com,"Carrer de les Escoles Pies, 105, Sarrià-Sant Gervasi, 08017 Barcelona, Spain",SPA,Pending,duplicate_website_domain:clubmetropolitan.com,2246,Club Metropolitan Gran Vía
2255,Daniela Therapeutic Massage Barcelona,https://instagram.com/daniela.therapeutic.massage?igshid=MmJiY2I4NDBkZg==,,instagram.com,"Carrer Nou de la Rambla, 97 bis, Ciutat Vella, 08001 Barcelona, Spain",SPA,Pending,duplicate_website_domain:instagram.com,50,"Centro De Belleza y Estética ""A Todo Estilo"""
2257,Deep Massage Therapy,https://book.heygoldie.com/Deep-Massage-Therapy-c874a04e46fb,,book.heygoldie.com,"Carrer de Santa Anna, 26, 28 , 1-2, Ciutat Vella, 08009 Barcelona, Spain",SPA,Pending,duplicate_website_domain:book.heygoldie.com,26,Barbies Beauty Lounge
2274,Espai Salut Noumedic,http://www.noumedic.com/,,noumedic.com,"Espai Salut Noumedic, Avd. del Bosque, 23, 08906 L'Hospitalet de Llobregat, Barcelona, Spain",SPA,Pending,duplicate_website_domain:noumedic.com,908,CLÍNICA NOUMÈDIC
2290,Hammam Al Ándalus Plaza Mayor,https://madrid.hammamalandalus.com/?utm_source=google-mybusiness&utm_medium=gmb-organico&utm_campaign=general-sitio-web-202509&utm_content=enlace-texto,,madrid.hammamalandalus.com,"C. de Atocha, 14, Centro, 28012 Madrid, Spain",SPA,Pending,duplicate_website_domain:madrid.hammamalandalus.com,2289,Hammam Al Ándalus Madrid Plaza Mayor
2292,Hammam Bouchra,https://www.instagram.com/reel/DIzdPcoO4sx/?igsh=MTJiM240bG1nZ2ZnNw==,,instagram.com,"Carrer de Sant Joaquim, 135, 08922 Santa Coloma de Gramenet, Barcelona, Spain",SPA,Pending,duplicate_website_domain:instagram.com,50,"Centro De Belleza y Estética ""A Todo Estilo"""
2301,Human Hub,https://www.instagram.com/_human_hub/,,instagram.com,"Carrer de Trafalgar, 34, Ciutat Vella, 08010 Barcelona, Spain",SPA,Pending,duplicate_website_domain:instagram.com,50,"Centro De Belleza y Estética ""A Todo Estilo"""
2313,Karya Masaje y Reiki,https://wa.me/34663186846,,wa.me,"Carrer de Luis Antúnez, 10, Gràcia, 08006 Barcelona, Spain",SPA,Pending,duplicate_website_domain:wa.me,227,Farmacia España 247
2323,Lorem Masaje & Bienestar Barcelona,https://instagram.com/lorembcn?igshid=YmMyMTA2M2Y=,,instagram.com,"Carrer de Nicaragua, 55, Sants-Montjuïc, 08029 Barcelona, Spain",SPA,Pending,duplicate_website_domain:instagram.com,50,"Centro De Belleza y Estética ""A Todo Estilo"""
2354,Mayan Secret Spa,https://www.mayanspas.com/es/p/marca/mayan-secret-spa,info@mayanluxuryspa.com,mayanspas.com,"Carrer de Pau Claris, 150, Eixample, 08009 Barcelona, Spain",SPA,Pending,duplicate_email:info@mayanluxuryspa.com,726,Mayan Luxury Spa
2355,Metropolitan Arenes,http://clubmetropolitan.com/gimnasio/las-arenas,,clubmetropolitan.com,"Gran Via de les Corts Catalanes, 373, 385, Eixample, 08015 Barcelona, Spain",SPA,Pending,duplicate_website_domain:clubmetropolitan.com,2246,Club Metropolitan Gran Vía
2359,Moon Relax Spa,https://moonrelaxspa.com/,hello@moonrelaxspa.com,moonrelaxspa.com,"Plaça de la Sagrada Família, 10, 6.1, Eixample, 08025 Barcelona, Spain",SPA,Pending,duplicate_email:hello@moonrelaxspa.com,744,Moon Relax Spa
2361,Mystic Masajes Bcn,https://www.instagram.com/mysticmasajesbcn?utm_source=qr&igsh=MWZyZm4yNTR1ZTFlbQ==,,instagram.com,"Carrer del Marquès de Sentmenat, 88, Les Corts, 08029 Barcelona, Spain",SPA,Pending,duplicate_website_domain:instagram.com,50,"Centro De Belleza y Estética ""A Todo Estilo"""
2399,SALUD y BIENESTAR,https://www.facebook.com/profile.php?id=100076010224097,,facebook.com,"Carrer Amapolas, 7, 08906 L'Hospitalet de Llobregat, Barcelona, Spain",SPA,Pending,duplicate_website_domain:facebook.com,91,"Les Pintes, peluquería, centro de belleza"
2408,Salud y belleza,https://www.facebook.com/saludibellesa/,,facebook.com,"Carrer de Sant Antoni Maria Claret, 377-381, B-2, Sant Andreu, 08027 Barcelona, Spain",SPA,Pending,duplicate_website_domain:facebook.com,91,"Les Pintes, peluquería, centro de belleza"
2428,Spa Hammam PHE,https://www.facebook.com/profile.php?id=100009437297812,,facebook.com,"Pl. de Trafalgar, 15, 08913 Badalona, Barcelona, Spain",SPA,Pending,duplicate_website_domain:facebook.com,91,"Les Pintes, peluquería, centro de belleza"
2454,The One Barcelona,https://www.hotelstheone.com/en/barcelona-hotels/the-one-barcelona?utm_source=google_my_business&utm_medium=boton_sitio_web&utm_campaign=hto,,hotelstheone.com,"Carrer de Provença, 277, Eixample, 08037 Barcelona, Spain",SPA,Pending,duplicate_website_domain:hotelstheone.com,2259,Despacio Spa at The One
2455,"The Spa at Mandarin Oriental, Barcelona",https://www.mandarinoriental.com/en/barcelona/passeig-de-gracia/wellness/the-spa?htl=MOBCN&kw=MOBCN_spa&eng=google&src=local,mobcn-reservations@mohg.com,mandarinoriental.com,"Pg. de Gràcia, 38-40, Eixample, 08007 Barcelona, Spain",SPA,Pending,duplicate_email:mobcn-reservations@mohg.com,2332,"Mandarin Oriental, Barcelona"
2465,Vimi_massage,https://instagram.com/vimi_massage?igshid=ZDc4ODBmNjlmNQ==,,instagram.com,"Carrer de Floridablanca, 129, Eixample, 08011 Barcelona, Spain",SPA,Pending,duplicate_website_domain:instagram.com,50,"Centro De Belleza y Estética ""A Todo Estilo"""
